{"Positive": 38.37638376383764, "Negative": 58.671586715867164, "Neutral": 2.952029520295203}